{
  "labeled_dataset": {
    "n_high": 2063,
    "n_medium": 6003,
    "n_by_service_conf": {
      "102": {
        "high": 358,
        "medium": 1128
      },
      "109": {
        "high": 80,
        "medium": 251
      },
      "26": {
        "high": 333,
        "medium": 932
      },
      "28": {
        "high": 1049,
        "medium": 3007
      },
      "49": {
        "high": 42,
        "medium": 88
      },
      "98": {
        "high": 201,
        "medium": 597
      }
    },
    "n_by_route": {
      "1": 496,
      "11": 195,
      "2S": 347,
      "2W": 458,
      "3E": 1327,
      "3W": 1096,
      "4S": 482,
      "4W": 497,
      "5": 477,
      "6": 693,
      "7": 1066,
      "9": 932
    }
  },
  "prediction_rows": 693648,
  "labels_with_zero_prior_predictions": 0,
  "overall": {
    "count": 693648,
    "mae_s": 136.70134419763338,
    "bias_s": -71.49698694438678,
    "median_s": -34.0,
    "p10_s": -289.0,
    "p90_s": 111.0,
    "rmse_s": 222.6213342418515
  },
  "by_horizon_bucket": {
    "0-60": {
      "count": 42486,
      "mae_s": 43.09396036341383,
      "bias_s": 23.123287671232877,
      "median_s": 12.0,
      "p10_s": -37.0,
      "p90_s": 85.0,
      "rmse_s": 72.36554799651326
    },
    "60-180": {
      "count": 82913,
      "mae_s": 59.775475498414,
      "bias_s": 16.615729740812657,
      "median_s": 5.0,
      "p10_s": -71.0,
      "p90_s": 112.0,
      "rmse_s": 89.17660592200608
    },
    "180-600": {
      "count": 248361,
      "mae_s": 103.92285020595021,
      "bias_s": -23.754828656673148,
      "median_s": -23.0,
      "p10_s": -191.0,
      "p90_s": 131.0,
      "rmse_s": 139.32314939868053
    },
    "600-1800": {
      "count": 301178,
      "mae_s": 172.98133329791685,
      "bias_s": -120.05774658175564,
      "median_s": -87.0,
      "p10_s": -394.0,
      "p90_s": 96.0,
      "rmse_s": 248.85929273220327
    },
    "1800+": {
      "count": 18710,
      "mae_s": 541.2616247995725,
      "bias_s": -528.8772314270443,
      "median_s": -303.0,
      "p10_s": -1347.0,
      "p90_s": -6.0,
      "rmse_s": 731.8939487143051
    }
  },
  "headline_3_to_5_min": {
    "count": 78218,
    "mae_s": 82.33978112454933,
    "bias_s": -1.2888465570584775,
    "median_s": -10.0,
    "p10_s": -125.0,
    "p90_s": 130.0,
    "rmse_s": 111.57825212094554
  },
  "headline_3_to_5_min_by_confidence": {
    "high": {
      "count": 20082,
      "mae_s": 87.90912259735086,
      "bias_s": 12.289761975898815,
      "median_s": 3.0,
      "p10_s": -119.0,
      "p90_s": 150.0,
      "rmse_s": 124.77471282779551
    },
    "medium": {
      "count": 58136,
      "mae_s": 80.41595569010596,
      "bias_s": -5.97932434292005,
      "median_s": -14.0,
      "p10_s": -127.0,
      "p90_s": 123.0,
      "rmse_s": 106.64097707222045
    }
  },
  "by_route": {
    "1": {
      "count": 40477,
      "mae_s": 120.0645304740964,
      "bias_s": -36.80040516836722,
      "median_s": -9.0,
      "p10_s": -264.0,
      "p90_s": 135.0,
      "rmse_s": 166.20777295688936
    },
    "11": {
      "count": 8231,
      "mae_s": 116.21491920787268,
      "bias_s": 85.65192564694448,
      "median_s": 59.0,
      "p10_s": -48.0,
      "p90_s": 267.0,
      "rmse_s": 172.87022463941355
    },
    "2S": {
      "count": 13387,
      "mae_s": 99.94517068798088,
      "bias_s": -6.773436916411444,
      "median_s": 13.0,
      "p10_s": -196.0,
      "p90_s": 142.0,
      "rmse_s": 132.19818870387837
    },
    "2W": {
      "count": 21556,
      "mae_s": 103.76238634254963,
      "bias_s": -26.586843570235665,
      "median_s": -7.0,
      "p10_s": -232.0,
      "p90_s": 124.0,
      "rmse_s": 146.33202649489806
    },
    "3E": {
      "count": 104775,
      "mae_s": 92.93801002147458,
      "bias_s": -18.30325936530661,
      "median_s": -9.0,
      "p10_s": -162.0,
      "p90_s": 127.0,
      "rmse_s": 128.78933014074067
    },
    "3W": {
      "count": 108920,
      "mae_s": 134.03363936834373,
      "bias_s": -95.54965112008814,
      "median_s": -53.0,
      "p10_s": -281.0,
      "p90_s": 69.0,
      "rmse_s": 229.41014637305304
    },
    "4S": {
      "count": 34372,
      "mae_s": 112.37972768532526,
      "bias_s": 24.967939020132665,
      "median_s": 3.0,
      "p10_s": -137.0,
      "p90_s": 238.0,
      "rmse_s": 154.29132335822771
    },
    "4W": {
      "count": 50200,
      "mae_s": 110.3495219123506,
      "bias_s": -46.46470119521912,
      "median_s": -47.0,
      "p10_s": -211.0,
      "p90_s": 120.0,
      "rmse_s": 142.46254194199156
    },
    "5": {
      "count": 49137,
      "mae_s": 100.80019130187029,
      "bias_s": -46.625292549402694,
      "median_s": -30.0,
      "p10_s": -228.0,
      "p90_s": 90.0,
      "rmse_s": 136.57501268680267
    },
    "6": {
      "count": 82852,
      "mae_s": 338.49972239656256,
      "bias_s": -270.70732148892,
      "median_s": -198.0,
      "p10_s": -767.0,
      "p90_s": 94.0,
      "rmse_s": 470.2169632508451
    },
    "7": {
      "count": 91211,
      "mae_s": 101.06832509236824,
      "bias_s": -40.32435780772056,
      "median_s": -23.0,
      "p10_s": -216.0,
      "p90_s": 106.0,
      "rmse_s": 139.66258952978802
    },
    "9": {
      "count": 88530,
      "mae_s": 107.03492601378063,
      "bias_s": -67.1904890997402,
      "median_s": -47.0,
      "p10_s": -240.0,
      "p90_s": 60.0,
      "rmse_s": 150.14558453327945
    }
  },
  "by_hour_local": {
    "7": {
      "count": 6814,
      "mae_s": 81.58291752274728,
      "bias_s": 36.37921925447608,
      "median_s": 31.5,
      "p10_s": -83.0,
      "p90_s": 167.0,
      "rmse_s": 107.26726261812664
    },
    "8": {
      "count": 44269,
      "mae_s": 101.93713433779845,
      "bias_s": -30.280625268246403,
      "median_s": -23.0,
      "p10_s": -207.0,
      "p90_s": 126.0,
      "rmse_s": 143.75669002500933
    },
    "9": {
      "count": 60496,
      "mae_s": 112.7975733932822,
      "bias_s": -42.14784448558582,
      "median_s": -14.0,
      "p10_s": -250.0,
      "p90_s": 120.0,
      "rmse_s": 165.50754330953174
    },
    "10": {
      "count": 70099,
      "mae_s": 153.5180387737343,
      "bias_s": -73.329448351617,
      "median_s": -29.0,
      "p10_s": -320.0,
      "p90_s": 132.0,
      "rmse_s": 249.22827277523535
    },
    "11": {
      "count": 69424,
      "mae_s": 127.62727587001613,
      "bias_s": -71.19909541368979,
      "median_s": -36.0,
      "p10_s": -261.0,
      "p90_s": 97.0,
      "rmse_s": 226.2339129950011
    },
    "12": {
      "count": 70295,
      "mae_s": 188.7529696279963,
      "bias_s": -132.22974607013302,
      "median_s": -53.0,
      "p10_s": -413.0,
      "p90_s": 98.0,
      "rmse_s": 334.24863273993014
    },
    "13": {
      "count": 71624,
      "mae_s": 151.9220512677315,
      "bias_s": -107.0904864291299,
      "median_s": -66.0,
      "p10_s": -345.6999999999998,
      "p90_s": 76.0,
      "rmse_s": 236.49469909065263
    },
    "14": {
      "count": 69761,
      "mae_s": 125.63671679018363,
      "bias_s": -70.76359283840542,
      "median_s": -36.0,
      "p10_s": -271.0,
      "p90_s": 96.0,
      "rmse_s": 188.0002226826632
    },
    "15": {
      "count": 70631,
      "mae_s": 113.69816369582762,
      "bias_s": -57.723818153502,
      "median_s": -34.0,
      "p10_s": -254.0,
      "p90_s": 98.0,
      "rmse_s": 162.41607266539268
    },
    "16": {
      "count": 70104,
      "mae_s": 154.4042137395869,
      "bias_s": -93.42247232682871,
      "median_s": -47.0,
      "p10_s": -363.0,
      "p90_s": 105.0,
      "rmse_s": 239.8502427572293
    },
    "17": {
      "count": 42238,
      "mae_s": 114.26502201808798,
      "bias_s": -22.85600643969885,
      "median_s": -9.0,
      "p10_s": -219.0,
      "p90_s": 150.0,
      "rmse_s": 157.6087188663807
    },
    "18": {
      "count": 8988,
      "mae_s": 210.07042723631508,
      "bias_s": -147.9720738762795,
      "median_s": -25.0,
      "p10_s": -740.5999999999999,