{
  "labeled_dataset": {
    "n_high": 112,
    "n_medium": 323,
    "n_by_service_conf": {
      "109": {
        "high": 80,
        "medium": 251
      },
      "49": {
        "high": 32,
        "medium": 72
      }
    },
    "n_by_route": {
      "1": 34,
      "11": 12,
      "2S": 20,
      "2W": 13,
      "3E": 77,
      "3W": 59,
      "4S": 36,
      "4W": 33,
      "5": 23,
      "6": 36,
      "7": 44,
      "9": 48
    }
  },
  "prediction_rows": 28658,
  "labels_with_zero_prior_predictions": 0,
  "overall": {
    "count": 28658,
    "mae_s": 116.00589713169097,
    "bias_s": 1.4837392700118641,
    "median_s": -1.0,
    "p10_s": -178.0,
    "p90_s": 184.0,
    "rmse_s": 176.49052931242784
  },
  "by_horizon_bucket": {
    "0-60": {
      "count": 2278,
      "mae_s": 47.30597014925373,
      "bias_s": 25.455223880597014,
      "median_s": 9.0,
      "p10_s": -43.0,
      "p90_s": 91.0,
      "rmse_s": 92.27440040049727
    },
    "60-180": {
      "count": 4243,
      "mae_s": 66.47560688192317,
      "bias_s": 26.953570586848926,
      "median_s": 7.0,
      "p10_s": -65.0,
      "p90_s": 124.0,
      "rmse_s": 113.13094159332834
    },
    "180-600": {
      "count": 11677,
      "mae_s": 116.07484799177871,
      "bias_s": 5.548171619422797,
      "median_s": 0.0,
      "p10_s": -170.0,
      "p90_s": 187.0,
      "rmse_s": 167.2799668471512
    },
    "600-1800": {
      "count": 10101,
      "mae_s": 152.52361152361152,
      "bias_s": -15.442530442530442,
      "median_s": -26.0,
      "p10_s": -244.0,
      "p90_s": 239.0,
      "rmse_s": 219.17701387135332
    },
    "1800+": {
      "count": 359,
      "mae_s": 107.60724233983287,
      "bias_s": -107.60724233983287,
      "median_s": -107.0,
      "p10_s": -178.0,
      "p90_s": -3.0,
      "rmse_s": 139.38277190192505
    }
  },
  "headline_3_to_5_min": {
    "count": 3862,
    "mae_s": 94.33195235629208,
    "bias_s": 18.100983946141895,
    "median_s": 1.0,
    "p10_s": -118.0,
    "p90_s": 170.0,
    "rmse_s": 138.34210517112894
  },
  "headline_3_to_5_min_by_confidence": {
    "high": {
      "count": 1018,
      "mae_s": 106.58546168958743,
      "bias_s": 43.62475442043222,
      "median_s": 9.0,
      "p10_s": -97.99999999999997,
      "p90_s": 212.0,
      "rmse_s": 180.3238954469296
    },
    "medium": {
      "count": 2844,
      "mae_s": 89.94585091420535,
      "bias_s": 8.964838255977497,
      "median_s": -1.0,
      "p10_s": -123.0,
      "p90_s": 155.70000000000027,
      "rmse_s": 119.79093661490987
    }
  },
  "by_route": {
    "1": {
      "count": 2036,
      "mae_s": 109.4179764243615,
      "bias_s": -17.223477406679763,
      "median_s": 3.0,
      "p10_s": -244.0,
      "p90_s": 151.0,
      "rmse_s": 158.73370002793345
    },
    "11": {
      "count": 412,
      "mae_s": 149.68203883495147,
      "bias_s": 118.95388349514563,
      "median_s": 62.0,
      "p10_s": -57.0,
      "p90_s": 420.0,
      "rmse_s": 211.7192968994835
    },
    "2S": {
      "count": 610,
      "mae_s": 75.72131147540983,
      "bias_s": 54.731147540983606,
      "median_s": 40.0,
      "p10_s": -43.0,
      "p90_s": 155.0,
      "rmse_s": 97.6386949631055
    },
    "2W": {
      "count": 834,
      "mae_s": 138.65947242206235,
      "bias_s": -110.12709832134293,
      "median_s": -87.0,
      "p10_s": -331.0,
      "p90_s": 33.0,
      "rmse_s": 185.70942466033827
    },
    "3E": {
      "count": 5091,
      "mae_s": 114.74504026713808,
      "bias_s": -72.50815164014928,
      "median_s": -58.0,
      "p10_s": -268.0,
      "p90_s": 79.0,
      "rmse_s": 148.00279173124932
    },
    "3W": {
      "count": 4716,
      "mae_s": 115.80491942324004,
      "bias_s": 18.525869380831214,
      "median_s": 4.0,
      "p10_s": -163.0,
      "p90_s": 215.0,
      "rmse_s": 147.87754975012868
    },
    "4S": {
      "count": 2085,
      "mae_s": 82.5083932853717,
      "bias_s": 10.259952038369304,
      "median_s": 1.0,
      "p10_s": -125.0,
      "p90_s": 152.0,
      "rmse_s": 104.05374925399349
    },
    "4W": {
      "count": 2885,
      "mae_s": 86.46447140381282,
      "bias_s": -43.28526863084922,
      "median_s": -52.0,
      "p10_s": -151.0,
      "p90_s": 88.0,
      "rmse_s": 104.66755492379751
    },
    "5": {
      "count": 1828,
      "mae_s": 42.915754923413566,
      "bias_s": 26.447483588621445,
      "median_s": 32.0,
      "p10_s": -34.0,
      "p90_s": 93.0,
      "rmse_s": 53.54452737095133
    },
    "6": {
      "count": 2220,
      "mae_s": 245.35405405405405,
      "bias_s": 221.77927927927928,
      "median_s": 154.0,
      "p10_s": -55.0,
      "p90_s": 483.0,
      "rmse_s": 396.459552257953
    },
    "7": {
      "count": 2733,
      "mae_s": 169.0764727405781,
      "bias_s": 2.463959019392609,
      "median_s": 15.0,
      "p10_s": -241.0,
      "p90_s": 272.0,
      "rmse_s": 210.0171634127031
    },
    "9": {
      "count": 3208,
      "mae_s": 75.19201995012469,
      "bias_s": -23.42082294264339,
      "median_s": 1.0,
      "p10_s": -197.0,
      "p90_s": 63.0,
      "rmse_s": 118.13019836428802
    }
  },
  "by_hour_local": {
    "20": {
      "count": 20998,
      "mae_s": 111.67373083150777,
      "bias_s": 28.523335555767215,
      "median_s": 8.0,
      "p10_s": -146.0,
      "p90_s": 212.0,
      "rmse_s": 178.58690155706583
    },
    "21": {
      "count": 7660,
      "mae_s": 127.88146214099217,
      "bias_s": -72.63864229765014,
      "median_s": -59.0,
      "p10_s": -272.0,
      "p90_s": 104.0,
      "rmse_s": 170.61180495369052
    }
  }
}