{
  "trained_at_utc": "2026-04-18T16:26:02.217726+00:00",
  "model_source": "a1_lightgbm",
  "aborted": false,
  "abort_threshold_s": 94.3,
  "bt_headline_mae_s": 94.3,
  "headline_cv_mae_s": 64.79308382732916,
  "improvement_vs_bt_headline_s": 29.50691617267084,
  "improvement_pct": 31.29047314175063,
  "feature_cols": [
    "hour_of_day",
    "minute_of_hour",
    "day_of_week",
    "is_weekend",
    "route_id",
    "bt_trip_delay_seconds",
    "trip_progress_fraction",
    "stops_remaining",
    "prediction_horizon_seconds",
    "upstream_delay_trend_60s",
    "has_upstream_trend",
    "route_length_km",
    "average_stop_spacing_m"
  ],
  "categorical_cols": [
    "route_id"
  ],
  "lgbm_params": {
    "objective": "regression",
    "metric": "mae",
    "learning_rate": 0.05,
    "num_leaves": 31,
    "min_data_in_leaf": 30,
    "feature_fraction": 0.9,
    "bagging_fraction": 0.9,
    "bagging_freq": 3,
    "lambda_l2": 1.0,
    "verbose": -1
  },
  "label_counts_by_confidence": {
    "high": 57279,
    "medium": 157766,
    "low": 0
  },
  "n_rows": 215045,
  "n_unique_trips": 157,
  "n_routes": 12,
  "cv": {
    "per_fold": [
      {
        "fold": 0,
        "n_train_trips": 126,
        "n_val_trips": 31,
        "n": 43010,
        "mae": 54.4864766482209,
        "median_ae": 36.56199669844033,
        "rmse": 81.32005174688261,
        "bias": 8.91326404371491,
        "p10_err": -69.25151235870476,
        "p90_err": 90.65950130027413,
        "passthrough_mae": 131.55807951639153
      },
      {
        "fold": 1,
        "n_train_trips": 126,
        "n_val_trips": 31,
        "n": 43009,
        "mae": 102.60123976749962,
        "median_ae": 60.904447893783285,
        "rmse": 168.68235691980496,
        "bias": -47.39418302479793,
        "p10_err": -218.39321884526453,
        "p90_err": 90.55917731911973,
        "passthrough_mae": 148.22437164314445
      },
      {
        "fold": 2,
        "n_train_trips": 125,
        "n_val_trips": 32,
        "n": 43007,
        "mae": 96.96795511145932,
        "median_ae": 55.97900065628486,
        "rmse": 161.72612915806388,
        "bias": 62.21547297496801,
        "p10_err": -61.47482576864047,
        "p90_err": 223.8665599906287,
        "passthrough_mae": 105.43048806008325
      },
      {
        "fold": 3,
        "n_train_trips": 126,
        "n_val_trips": 31,
        "n": 43012,
        "mae": 75.05982334183732,
        "median_ae": 57.810452377659786,
        "rmse": 99.68516240317686,
        "bias": -33.29490639048417,
        "p10_err": -155.9267739072254,
        "p90_err": 74.97948931979518,
        "passthrough_mae": 99.76406584209057
      },
      {
        "fold": 4,
        "n_train_trips": 125,
        "n_val_trips": 32,
        "n": 43007,
        "mae": 74.70027432703105,
        "median_ae": 54.31338721102871,
        "rmse": 112.14599592574834,
        "bias": 15.890695689899614,
        "p10_err": -100.40058912441233,
        "p90_err": 125.99097521072605,
        "passthrough_mae": 95.0773362475876
      }
    ],
    "per_fold_3_5_min": [
      {
        "fold": 0,
        "n": 5073,
        "mae": 48.41241937980121,
        "median_ae": 33.517346685420534,
        "rmse": 70.11937916237014,
        "bias": 14.483385713099285,
        "p10_err": -52.515052910197696,
        "p90_err": 95.06155223026438,
        "passthrough_mae": 88.64833431894343
      },
      {
        "fold": 1,
        "n": 4781,
        "mae": 64.8172609998888,
        "median_ae": 55.0314080460354,
        "rmse": 82.84903602508287,
        "bias": -4.861993060201734,
        "p10_err": -111.82020921245062,
        "p90_err": 92.97590440251551,
        "passthrough_mae": 83.03911315624346
      },
      {
        "fold": 2,
        "n": 5027,
        "mae": 79.9658712470395,
        "median_ae": 53.75133889845574,
        "rmse": 123.96990144851776,
        "bias": 43.41374117601696,
        "p10_err": -62.98788895413614,
        "p90_err": 172.14061334476835,
        "passthrough_mae": 91.3212651680923
      },
      {
        "fold": 3,
        "n": 5050,
        "mae": 62.472954874049115,
        "median_ae": 50.427293777172444,
        "rmse": 82.78658311520437,
        "bias": -23.610045225539583,
        "p10_err": -120.00460541030131,
        "p90_err": 72.32415706449675,
        "passthrough_mae": 72.68851485148515
      },
      {
        "fold": 4,
        "n": 5172,
        "mae": 68.35583876458404,
        "median_ae": 51.07386156042047,
        "rmse": 102.0456301373648,
        "bias": 11.96595303636797,
        "p10_err": -89.83418060241749,
        "p90_err": 114.30073765103745,
        "passthrough_mae": 76.05065738592421
      }
    ],
    "oof_overall": {
      "n": 215045,
      "mae": 80.76285775926263,
      "median_ae": 52.3148999823119,
      "rmse": 129.41014720355577,
      "bias": 1.26491920718501,
      "p10_err": -115.51454993348244,
      "p90_err": 118.02355573105407,
      "passthrough_mae": 116.0110069985352
    },
    "oof_3_5_min": {
      "n": 25103,
      "mae": 64.79308382732916,
      "median_ae": 48.168950211697535,
      "rmse": 94.35427508837188,
      "bias": 8.410432398864108,
      "p10_err": -88.7993491493679,
      "p90_err": 107.34470368873568,
      "passthrough_mae": 82.30912639923515
    },
    "oof_per_route": {
      "5": {
        "n": 21320,
        "mae": 46.12972925679234,
        "median_ae": 35.68365027614215,
        "rmse": 60.70456931144885,
        "bias": -3.318867346598513,
        "p10_err": -77.2849264697953,
        "p90_err": 70.28536557852514,
        "passthrough_mae": 96.703095684803
      },
      "1": {
        "n": 19709,
        "mae": 56.71228668231372,
        "median_ae": 41.241007031777855,
        "rmse": 76.14671193390696,
        "bias": 3.340900250233016,
        "p10_err": -88.54706441907808,
        "p90_err": 101.58613400783199,
        "passthrough_mae": 118.60124816073875
      },
      "2S": {
        "n": 3468,
        "mae": 73.53765077774503,
        "median_ae": 57.743234253338144,
        "rmse": 94.52900645503918,
        "bias": 4.461606910307206,
        "p10_err": -116.46522735612935,
        "p90_err": 122.21005755831541,
        "passthrough_mae": 94.16349480968859
      },
      "2W": {
        "n": 6218,
        "mae": 76.32134028086905,
        "median_ae": 53.38019616133353,
        "rmse": 108.05973192081183,
        "bias": -2.1065502162478547,
        "p10_err": -124.77837887682836,
        "p90_err": 91.57265045580495,
        "passthrough_mae": 136.6416854293985
      },
      "6": {
        "n": 20829,
        "mae": 231.87769935134594,
        "median_ae": 175.62499098134748,
        "rmse": 315.71318693816886,
        "bias": -11.275380923509688,
        "p10_err": -435.97143593786933,
        "p90_err": 356.5017376085128,
        "passthrough_mae": 253.75687743050554
      },
      "4S": {
        "n": 16378,
        "mae": 56.013546919465355,
        "median_ae": 45.46417260992759,
        "rmse": 74.2818493791892,
        "bias": -1.1782951889804993,
        "p10_err": -82.65681158918257,
        "p90_err": 82.63131349937271,
        "passthrough_mae": 105.95017706679693
      },
      "9": {
        "n": 13425,
        "mae": 54.07977240308846,
        "median_ae": 38.803242900225015,
        "rmse": 84.83301903588864,
        "bias": 5.454899519131731,
        "p10_err": -84.55611694405971,
        "p90_err": 74.8149115047613,
        "passthrough_mae": 68.7454748603352
      },
      "3E": {
        "n": 34666,
        "mae": 67.7234611230888,
        "median_ae": 54.50133367007564,
        "rmse": 89.3642786751055,
        "bias": 4.602702451232896,
        "p10_err": -100.36779522364662,
        "p90_err": 111.87260464727498,
        "passthrough_mae": 84.26187042058501
      },
      "7": {
        "n": 25404,
        "mae": 86.72087303964972,
        "median_ae": 62.647954940129694,
        "rmse": 115.2534096246387,
        "bias": -7.365793764077453,