{
  "trained_at_utc": "2026-04-18T04:36:43.236956+00:00",
  "model_source": "a1_lightgbm",
  "aborted": false,
  "abort_threshold_s": 94.3,
  "bt_headline_mae_s": 94.3,
  "headline_cv_mae_s": 84.12778875132238,
  "improvement_vs_bt_headline_s": 10.172211248677613,
  "improvement_pct": 10.787074494886122,
  "feature_cols": [
    "hour_of_day",
    "minute_of_hour",
    "day_of_week",
    "is_weekend",
    "route_id",
    "bt_trip_delay_seconds",
    "trip_progress_fraction",
    "stops_remaining",
    "prediction_horizon_seconds",
    "upstream_delay_trend_60s",
    "has_upstream_trend",
    "route_length_km",
    "average_stop_spacing_m"
  ],
  "categorical_cols": [
    "route_id"
  ],
  "lgbm_params": {
    "objective": "regression",
    "metric": "mae",
    "learning_rate": 0.05,
    "num_leaves": 31,
    "min_data_in_leaf": 30,
    "feature_fraction": 0.9,
    "bagging_fraction": 0.9,
    "bagging_freq": 3,
    "lambda_l2": 1.0,
    "verbose": -1
  },
  "label_counts_by_confidence": {
    "high": 7780,
    "medium": 20878,
    "low": 0
  },
  "n_rows": 28658,
  "n_unique_trips": 37,
  "n_routes": 12,
  "cv": {
    "per_fold": [
      {
        "fold": 0,
        "n_train_trips": 29,
        "n_val_trips": 8,
        "n": 5711,
        "mae": 124.25519270273747,
        "median_ae": 90.91723609513244,
        "rmse": 194.56667710525932,
        "bias": -64.89684755703186,
        "p10_err": -209.29119980623028,
        "p90_err": 52.8419788652558,
        "passthrough_mae": 169.88110663631588
      },
      {
        "fold": 1,
        "n_train_trips": 31,
        "n_val_trips": 6,
        "n": 5765,
        "mae": 70.61494907498732,
        "median_ae": 59.515907118186426,
        "rmse": 92.92974349879984,
        "bias": 8.672748044427193,
        "p10_err": -93.98164534832674,
        "p90_err": 120.25911093153809,
        "passthrough_mae": 93.30702515177796
      },
      {
        "fold": 2,
        "n_train_trips": 29,
        "n_val_trips": 8,
        "n": 5708,
        "mae": 86.1038220765353,
        "median_ae": 52.803196416841814,
        "rmse": 126.58373509174659,
        "bias": 21.56437188978251,
        "p10_err": -108.63691102677474,
        "p90_err": 151.09114502145576,
        "passthrough_mae": 105.69884372810091
      },
      {
        "fold": 3,
        "n_train_trips": 31,
        "n_val_trips": 6,
        "n": 5759,
        "mae": 100.32173529007952,
        "median_ae": 79.78267833103224,
        "rmse": 126.14149703450406,
        "bias": 36.14228129210743,
        "p10_err": -132.58037460966784,
        "p90_err": 194.56644220617764,
        "passthrough_mae": 116.56693870463621
      },
      {
        "fold": 4,
        "n_train_trips": 28,
        "n_val_trips": 9,
        "n": 5715,
        "mae": 77.08979630352052,
        "median_ae": 57.740207469630526,
        "rmse": 105.24034857719195,
        "bias": -17.434643895351485,
        "p10_err": -156.330791644127,
        "p90_err": 86.96325043664882,
        "passthrough_mae": 94.79492563429571
      }
    ],
    "per_fold_3_5_min": [
      {
        "fold": 0,
        "n": 704,
        "mae": 105.14413928086759,
        "median_ae": 76.59404666984878,
        "rmse": 161.2349998811512,
        "bias": -50.434821839883256,
        "p10_err": -189.6165527889862,
        "p90_err": 65.86550990953266,
        "passthrough_mae": 116.171875
      },
      {
        "fold": 1,
        "n": 863,
        "mae": 71.46472152236007,
        "median_ae": 57.63364752013112,
        "rmse": 93.71050533759069,
        "bias": -20.156922556858138,
        "p10_err": -117.01326251848019,
        "p90_err": 102.04573525505204,
        "passthrough_mae": 83.25724217844727
      },
      {
        "fold": 2,
        "n": 751,
        "mae": 88.20787123837553,
        "median_ae": 62.3301197157296,
        "rmse": 125.14013957598587,
        "bias": 27.62327697311963,
        "p10_err": -98.55105089507879,
        "p90_err": 140.98207237447227,
        "passthrough_mae": 92.47802929427431
      },
      {
        "fold": 3,
        "n": 864,
        "mae": 77.61055109844855,
        "median_ae": 60.91316846202535,
        "rmse": 101.96251980109516,
        "bias": 35.857548159262905,
        "p10_err": -84.41264080411631,
        "p90_err": 173.39087955292513,
        "passthrough_mae": 91.83449074074075
      },
      {
        "fold": 4,
        "n": 680,
        "mae": 82.21524114852932,
        "median_ae": 61.61895266509215,
        "rmse": 118.36244541814398,
        "bias": 3.9933558371171203,
        "p10_err": -136.50615588513594,
        "p90_err": 119.01413135680649,
        "passthrough_mae": 90.99705882352941
      }
    ],
    "oof_overall": {
      "n": 28658,
      "mae": 91.65043836854234,
      "median_ae": 67.3866561665454,
      "rmse": 133.71242009662694,
      "bias": -3.106764640794709,
      "p10_err": -156.10367529032675,
      "p90_err": 128.6116191408541,
      "passthrough_mae": 116.00589713169097
    },
    "oof_3_5_min": {
      "n": 3862,
      "mae": 84.12778875132238,
      "median_ae": 64.11244366349732,
      "rmse": 120.57817806584605,
      "bias": 0.3987430978273614,
      "p10_err": -126.52300505539296,
      "p90_err": 124.27031327924928,
      "passthrough_mae": 94.33195235629208
    },
    "oof_per_route": {
      "5": {
        "n": 1828,
        "mae": 38.52264845140696,
        "median_ae": 25.333598955485463,
        "rmse": 57.735592118197104,
        "bias": 22.398861943949697,
        "p10_err": -18.107651196049982,
        "p90_err": 65.97103887037106,
        "passthrough_mae": 42.915754923413566
      },
      "3E": {
        "n": 5091,
        "mae": 92.15233479030199,
        "median_ae": 71.51387145113257,
        "rmse": 120.30198079079992,
        "bias": -58.630177250880536,
        "p10_err": -200.23822055660105,
        "p90_err": 70.508895628967,
        "passthrough_mae": 114.74504026713808
      },
      "7": {
        "n": 2733,
        "mae": 128.88233526178846,
        "median_ae": 120.77015132852688,
        "rmse": 150.70088135783843,
        "bias": 21.347004652522052,
        "p10_err": -181.94504154160524,
        "p90_err": 227.2114664756092,
        "passthrough_mae": 169.0764727405781
      },
      "4S": {
        "n": 2085,
        "mae": 83.44522522111586,
        "median_ae": 78.50866173504843,
        "rmse": 102.61462287323455,
        "bias": -25.86407116929771,
        "p10_err": -145.79638938732108,
        "p90_err": 107.96172230263144,
        "passthrough_mae": 82.5083932853717
      },
      "11": {
        "n": 412,
        "mae": 103.82287453007774,
        "median_ae": 57.88434275492423,
        "rmse": 155.49925512356822,
        "bias": 47.385952357958764,
        "p10_err": -79.95077905721661,
        "p90_err": 190.76645232337873,
        "passthrough_mae": 149.68203883495147
      },
      "1": {
        "n": 2036,
        "mae": 67.35996394190873,
        "median_ae": 54.98898143516253,
        "rmse": 87.09792108421696,
        "bias": 14.143831527276625,
        "p10_err": -96.00714617679466,
        "p90_err": 122.75373838723509,
        "passthrough_mae": 109.4179764243615
      },
      "9": {
        "n": 3208,
        "mae": 50.37397186483483,
        "median_ae": 41.21075140214006,
        "rmse": 63.02083411509551,
        "bias": -0.2704854958605261,
        "p10_err": -67.79927869705567,
        "p90_err": 87.31643610194715,
        "passthrough_mae": 75.19201995012469
      },
      "6": {
        "n": 2220,
        "mae": 192.052463764778,
        "median_ae": 117.04392167678833,
        "rmse": 300.7408923151097,
        "bias": 82.20233439690315,
        "p10_err": -201.0227856691044,
        "p90_err": 441.0538024758843,
        "passthrough_mae": 245.35405405405405
      },
      "2W": {
        "n": 834,
        "mae": 113.91783337908309,
        "median_ae": 101.60959610886873,
        "rmse": 135.17079552727984,
        "bias": -109.94983707522431,