{
  "trained_at_utc": "2026-04-20T02:31:03.370906+00:00",
  "model_source": "a1_lightgbm",
  "aborted": false,
  "abort_threshold_s": 94.3,
  "bt_headline_mae_s": 94.3,
  "headline_cv_mae_s": 50.24299032726105,
  "improvement_vs_bt_headline_s": 44.05700967273895,
  "improvement_pct": 46.72005267522688,
  "feature_cols": [
    "hour_of_day",
    "minute_of_hour",
    "day_of_week",
    "is_weekend",
    "route_id",
    "bt_trip_delay_seconds",
    "trip_progress_fraction",
    "stops_remaining",
    "prediction_horizon_seconds",
    "upstream_delay_trend_60s",
    "has_upstream_trend",
    "route_length_km",
    "average_stop_spacing_m"
  ],
  "categorical_cols": [
    "route_id"
  ],
  "lgbm_params": {
    "objective": "regression",
    "metric": "mae",
    "learning_rate": 0.05,
    "num_leaves": 31,
    "min_data_in_leaf": 30,
    "feature_fraction": 0.9,
    "bagging_fraction": 0.9,
    "bagging_freq": 3,
    "lambda_l2": 1.0,
    "verbose": -1
  },
  "label_counts_by_confidence": {
    "high": 178964,
    "medium": 514684,
    "low": 0
  },
  "n_rows": 693648,
  "n_unique_trips": 460,
  "n_routes": 12,
  "cv": {
    "per_fold": [
      {
        "fold": 0,
        "n_train_trips": 369,
        "n_val_trips": 91,
        "n": 138731,
        "mae": 90.91156735190607,
        "median_ae": 53.274471452862166,
        "rmse": 161.6371619670238,
        "bias": -41.49217928821681,
        "p10_err": -160.49163719042122,
        "p90_err": 82.31125214234942,
        "passthrough_mae": 175.46484203242247
      },
      {
        "fold": 1,
        "n_train_trips": 367,
        "n_val_trips": 93,
        "n": 138729,
        "mae": 71.23508634615654,
        "median_ae": 46.92828869548657,
        "rmse": 124.72657141633954,
        "bias": -0.778447824505983,
        "p10_err": -102.32987335533925,
        "p90_err": 91.53618666082434,
        "passthrough_mae": 142.2234067858919
      },
      {
        "fold": 2,
        "n_train_trips": 368,
        "n_val_trips": 92,
        "n": 138730,
        "mae": 57.0473660228902,
        "median_ae": 43.37125674885323,
        "rmse": 81.49006444371784,
        "bias": 1.5823292637808077,
        "p10_err": -88.4728031031367,
        "p90_err": 89.49197076238664,
        "passthrough_mae": 128.39298637641463
      },
      {
        "fold": 3,
        "n_train_trips": 368,
        "n_val_trips": 92,
        "n": 138730,
        "mae": 60.09883201307261,
        "median_ae": 45.684065390712824,
        "rmse": 82.47253010311982,
        "bias": 3.7408935861562953,
        "p10_err": -90.29169411055227,
        "p90_err": 96.13706949780666,
        "passthrough_mae": 111.14745909320263
      },
      {
        "fold": 4,
        "n_train_trips": 368,
        "n_val_trips": 92,
        "n": 138728,
        "mae": 83.10079253421338,
        "median_ae": 47.76096069490603,
        "rmse": 162.64668853791244,
        "bias": -3.2525126023387907,
        "p10_err": -94.31265629279326,
        "p90_err": 110.32928348609131,
        "passthrough_mae": 126.2776368144859
      }
    ],
    "per_fold_3_5_min": [
      {
        "fold": 0,
        "n": 15156,
        "mae": 53.835696590321454,
        "median_ae": 43.30354957163766,
        "rmse": 70.39456523272867,
        "bias": -10.221501132208047,
        "p10_err": -93.984840450697,
        "p90_err": 70.31655455443322,
        "passthrough_mae": 85.4369886513592
      },
      {
        "fold": 1,
        "n": 15509,
        "mae": 49.76007361431718,
        "median_ae": 38.5552186944819,
        "rmse": 68.020615143729,
        "bias": -0.5735332709075066,
        "p10_err": -76.61666032960225,
        "p90_err": 77.02283660398335,
        "passthrough_mae": 83.66045521954995
      },
      {
        "fold": 2,
        "n": 15628,
        "mae": 48.108326605407456,
        "median_ae": 36.827431824269816,
        "rmse": 66.30837929132419,
        "bias": 0.6330386894921235,
        "p10_err": -73.7451638710842,
        "p90_err": 72.84708388477071,
        "passthrough_mae": 84.00537496800614
      },
      {
        "fold": 3,
        "n": 16146,
        "mae": 47.914358069900956,
        "median_ae": 37.266906132252245,
        "rmse": 64.406306267098,
        "bias": 3.5406234548589106,
        "p10_err": -70.92670810877239,
        "p90_err": 80.84345437702099,
        "passthrough_mae": 76.66747181964573
      },
      {
        "fold": 4,
        "n": 15779,
        "mae": 51.76381675799603,
        "median_ae": 37.81726075618188,
        "rmse": 79.56938209966167,
        "bias": 6.771614007761994,
        "p10_err": -67.52531356881087,
        "p90_err": 83.31993729477281,
        "passthrough_mae": 82.22137017554978
      }
    ],
    "oof_overall": {
      "n": 693648,
      "mae": 72.47872659364505,
      "median_ae": 47.17617426940785,
      "rmse": 127.73371825648039,
      "bias": -8.040055871861487,
      "p10_err": -105.658322914896,
      "p90_err": 94.17095071126738,
      "passthrough_mae": 136.70134419763338
    },
    "oof_3_5_min": {
      "n": 78218,
      "mae": 50.24299032726105,
      "median_ae": 38.553279006060734,
      "rmse": 69.92542842539702,
      "bias": 0.12909220015548473,
      "p10_err": -77.180788573835,
      "p90_err": 77.2036972900313,
      "passthrough_mae": 82.33978112454933
    },
    "oof_per_route": {
      "5": {
        "n": 49137,
        "mae": 44.26108633883101,
        "median_ae": 35.09494042776611,
        "rmse": 57.70720905000028,
        "bias": 1.3404774441741545,
        "p10_err": -69.37546651636667,
        "p90_err": 71.65565274358335,
        "passthrough_mae": 100.80019130187029
      },
      "1": {
        "n": 40477,
        "mae": 58.03744991050758,
        "median_ae": 45.38293704139403,
        "rmse": 75.80824856089045,
        "bias": 1.8009249839669559,
        "p10_err": -89.43328928045248,
        "p90_err": 104.24010783897266,
        "passthrough_mae": 120.0645304740964
      },
      "4W": {
        "n": 50200,
        "mae": 52.24989117296954,
        "median_ae": 39.41113122810202,
        "rmse": 71.67406030380835,
        "bias": -0.28951173248615747,
        "p10_err": -83.77206217140449,
        "p90_err": 74.90343301548664,
        "passthrough_mae": 110.3495219123506
      },
      "2S": {
        "n": 13387,
        "mae": 53.32069783388629,
        "median_ae": 41.04592981586971,
        "rmse": 70.47110754283209,
        "bias": -4.5216013012713665,
        "p10_err": -91.9450649827374,
        "p90_err": 77.49495435657342,
        "passthrough_mae": 99.94517068798088
      },
      "11": {
        "n": 8231,
        "mae": 50.906564928259826,
        "median_ae": 32.15233522181467,
        "rmse": 86.40492518016323,
        "bias": -8.113128600221758,
        "p10_err": -72.6132928627172,
        "p90_err": 62.75289410686088,
        "passthrough_mae": 116.21491920787268
      },
      "2W": {
        "n": 21556,
        "mae": 52.628370232075255,
        "median_ae": 41.416433237101565,
        "rmse": 71.64131629724709,
        "bias": -8.951423133109953,
        "p10_err": -93.77868505456732,
        "p90_err": 62.35551569324885,
        "passthrough_mae": 103.76238634254963
      },
      "6": {
        "n": 82852,
        "mae": 162.30288925952112,
        "median_ae": 92.9496324068534,
        "rmse": 259.30719426763363,
        "bias": -33.65342771794178,
        "p10_err": -260.5827059247167,
        "p90_err": 198.43960549390437,
        "passthrough_mae": 338.49972239656256
      },
      "9": {
        "n": 88530,
        "mae": 53.098174068045104,
        "median_ae": 42.34899739730571,
        "rmse": 68.81691772656687,
        "bias": -1.5554802084730026,
        "p10_err": -89.80650942354461,
        "p90_err": 85.03964605524524,
        "passthrough_mae": 107.03492601378063
      },
      "4S": {
        "n": 34372,
        "mae": 46.83658722639673,
        "median_ae": 37.39443003763553,
        "rmse": 60.923209909126236,