{
  "trained_at_utc": "2026-04-18T07:35:14.146600+00:00",
  "model_source": "a1_lightgbm",
  "aborted": false,
  "abort_threshold_s": 94.3,
  "bt_headline_mae_s": 94.3,
  "headline_cv_mae_s": 80.58059519263539,
  "improvement_vs_bt_headline_s": 13.719404807364612,
  "improvement_pct": 14.548679541213799,
  "feature_cols": [
    "hour_of_day",
    "minute_of_hour",
    "day_of_week",
    "is_weekend",
    "route_id",
    "bt_trip_delay_seconds",
    "trip_progress_fraction",
    "stops_remaining",
    "prediction_horizon_seconds",
    "upstream_delay_trend_60s",
    "has_upstream_trend",
    "route_length_km",
    "average_stop_spacing_m"
  ],
  "categorical_cols": [
    "route_id"
  ],
  "lgbm_params": {
    "objective": "regression",
    "metric": "mae",
    "learning_rate": 0.05,
    "num_leaves": 31,
    "min_data_in_leaf": 30,
    "feature_fraction": 0.9,
    "bagging_fraction": 0.9,
    "bagging_freq": 3,
    "lambda_l2": 1.0,
    "verbose": -1
  },
  "label_counts_by_confidence": {
    "high": 8129,
    "medium": 21577,
    "low": 0
  },
  "n_rows": 29706,
  "n_unique_trips": 39,
  "n_routes": 12,
  "cv": {
    "per_fold": [
      {
        "fold": 0,
        "n_train_trips": 31,
        "n_val_trips": 8,
        "n": 5943,
        "mae": 115.94783388758069,
        "median_ae": 78.34286614074085,
        "rmse": 188.74567092915603,
        "bias": -48.91924912662576,
        "p10_err": -218.79762516769173,
        "p90_err": 63.180614254428505,
        "passthrough_mae": 159.61887935386167
      },
      {
        "fold": 1,
        "n_train_trips": 31,
        "n_val_trips": 8,
        "n": 5939,
        "mae": 70.28921845375898,
        "median_ae": 56.48858251430481,
        "rmse": 90.30152424008678,
        "bias": 4.750214772832138,
        "p10_err": -98.47298614835688,
        "p90_err": 136.19252410955238,
        "passthrough_mae": 100.39989897289107
      },
      {
        "fold": 2,
        "n_train_trips": 32,
        "n_val_trips": 7,
        "n": 5936,
        "mae": 77.8973700175414,
        "median_ae": 48.97031281757933,
        "rmse": 129.79353750622192,
        "bias": 13.446369562325835,
        "p10_err": -87.29131995680325,
        "p90_err": 132.27931727101506,
        "passthrough_mae": 99.9878706199461
      },
      {
        "fold": 3,
        "n_train_trips": 32,
        "n_val_trips": 7,
        "n": 5947,
        "mae": 94.64432152192053,
        "median_ae": 70.16402902785975,
        "rmse": 121.88923650306329,
        "bias": 44.4359909819341,
        "p10_err": -110.78817398108032,
        "p90_err": 196.1918943818743,
        "passthrough_mae": 120.55624684714982
      },
      {
        "fold": 4,
        "n_train_trips": 30,
        "n_val_trips": 9,
        "n": 5941,
        "mae": 75.3948765875268,
        "median_ae": 54.3877891624978,
        "rmse": 107.37799866838158,
        "bias": -27.86059874629045,
        "p10_err": -154.79815420802308,
        "p90_err": 73.03340698702014,
        "passthrough_mae": 90.50446052853054
      }
    ],
    "per_fold_3_5_min": [
      {
        "fold": 0,
        "n": 830,
        "mae": 91.09931610896048,
        "median_ae": 64.0369806885846,
        "rmse": 145.22140542359287,
        "bias": -32.964041121869535,
        "p10_err": -154.03333453363643,
        "p90_err": 74.99120024558776,
        "passthrough_mae": 107.7867469879518
      },
      {
        "fold": 1,
        "n": 901,
        "mae": 64.86717225004013,
        "median_ae": 54.194349655228336,
        "rmse": 82.14111693168827,
        "bias": -6.391642403979699,
        "p10_err": -99.15691492957647,
        "p90_err": 120.37787680749557,
        "passthrough_mae": 71.47835738068812
      },
      {
        "fold": 2,
        "n": 797,
        "mae": 83.99553865864914,
        "median_ae": 52.13481386334726,
        "rmse": 140.6120293472752,
        "bias": 9.58971541569661,
        "p10_err": -97.19288372820486,
        "p90_err": 132.27931727101506,
        "passthrough_mae": 93.79171894604768
      },
      {
        "fold": 3,
        "n": 812,
        "mae": 82.81291420874742,
        "median_ae": 60.82083928388406,
        "rmse": 106.349620996672,
        "bias": 43.395542717716935,
        "p10_err": -83.71148537342748,
        "p90_err": 178.0200078020633,
        "passthrough_mae": 107.37931034482759
      },
      {
        "fold": 4,
        "n": 742,
        "mae": 81.78396814038814,
        "median_ae": 49.43820395547299,
        "rmse": 120.46544952476702,
        "bias": -20.71266302782212,
        "p10_err": -168.7092336548651,
        "p90_err": 99.86686437073784,
        "passthrough_mae": 86.02021563342318
      }
    ],
    "oof_overall": {
      "n": 29706,
      "mae": 86.84087980583891,
      "median_ae": 60.289196048300205,
      "rmse": 131.9240852367663,
      "bias": -2.8262607245630553,
      "p10_err": -137.28576419673664,
      "p90_err": 132.27219718823164,
      "passthrough_mae": 114.22113377768801
    },
    "oof_3_5_min": {
      "n": 4082,
      "mae": 80.58059519263539,
      "median_ae": 57.187603250581176,
      "rmse": 120.521812081198,
      "bias": -1.373747190270723,
      "p10_err": -114.96130945804117,
      "p90_err": 123.21891239897766,
      "passthrough_mae": 93.00244977951985
    },
    "oof_per_route": {
      "5": {
        "n": 1828,
        "mae": 32.69489295345491,
        "median_ae": 23.060981249731114,
        "rmse": 52.45249867545675,
        "bias": 14.777436016687254,
        "p10_err": -23.148687627662774,
        "p90_err": 61.3656705852778,
        "passthrough_mae": 42.915754923413566
      },
      "9": {
        "n": 4093,
        "mae": 36.85366945269988,
        "median_ae": 26.17911419881392,
        "rmse": 49.252484735424645,
        "bias": -9.957131269682396,
        "p10_err": -83.16103705586683,
        "p90_err": 40.16775526085107,
        "passthrough_mae": 70.47275836794527
      },
      "3E": {
        "n": 5091,
        "mae": 100.27997442883033,
        "median_ae": 72.37763223574579,
        "rmse": 142.5141138858951,
        "bias": -59.53001791620177,
        "p10_err": -207.77379628654813,
        "p90_err": 74.33481584508053,
        "passthrough_mae": 114.74504026713808
      },
      "7": {
        "n": 2733,
        "mae": 127.00441124763103,
        "median_ae": 115.38808428679556,
        "rmse": 148.21745926489274,
        "bias": 37.67558942950276,
        "p10_err": -172.94156760098252,
        "p90_err": 226.62990453212265,
        "passthrough_mae": 169.0764727405781
      },
      "4S": {
        "n": 2085,
        "mae": 88.91829653526656,
        "median_ae": 80.73620484754916,
        "rmse": 108.92304285621984,
        "bias": -23.42354859697807,
        "p10_err": -145.09263505161485,
        "p90_err": 118.75950462519215,
        "passthrough_mae": 82.5083932853717
      },
      "11": {
        "n": 575,
        "mae": 105.8396923511131,
        "median_ae": 47.31173480675531,
        "rmse": 170.9423982254297,
        "bias": -59.32912989957739,
        "p10_err": -240.93706363184242,
        "p90_err": 50.59474744737275,
        "passthrough_mae": 144.3408695652174
      },
      "1": {
        "n": 2036,
        "mae": 67.19701399271528,
        "median_ae": 56.11551999809171,
        "rmse": 84.37415806196994,
        "bias": 20.08759499304719,
        "p10_err": -96.88611068700021,
        "p90_err": 122.64763716706275,
        "passthrough_mae": 109.4179764243615
      },
      "6": {
        "n": 2220,
        "mae": 181.5681016018919,
        "median_ae": 100.70773380577674,
        "rmse": 290.4702312084914,
        "bias": 69.32830042268972,
        "p10_err": -196.54563303843622,
        "p90_err": 399.2867505181613,
        "passthrough_mae": 245.35405405405405
      },
      "2W": {
        "n": 834,
        "mae": 58.07884463820309,
        "median_ae": 45.992695025104595,
        "rmse": 71.76844994583347,
        "bias": -43.56769217409997,