{
  "computed_at_utc": "2026-04-18T16:26:02.588621+00:00",
  "method": "median of (actual - bt_predicted) per route",
  "min_samples": 30,
  "route_intercepts_seconds": {
    "1": 10.0,
    "11": -64.0,
    "2S": -27.0,
    "2W": 36.0,
    "3E": 0.0,
    "3W": 39.0,
    "4S": -4.0,
    "4W": 49.0,
    "5": 41.0,
    "6": 82.0,
    "7": 24.0,
    "9": 11.0
  },
  "computed_from_samples": {
    "1": 19709,
    "11": 1834,
    "2S": 3468,
    "2W": 6218,
    "3E": 34666,
    "3W": 27779,
    "4S": 16378,
    "4W": 24015,
    "5": 21320,
    "6": 20829,
    "7": 25404,
    "9": 13425
  },
  "raw_medians_seconds": {
    "1": 10.0,
    "11": -64.0,
    "2S": -27.0,
    "2W": 36.0,
    "3E": 0.0,
    "3W": 39.0,
    "4S": -4.0,
    "4W": 49.0,
    "5": 41.0,
    "6": 82.0,
    "7": 24.0,
    "9": 11.0
  },
  "raw_means_seconds": {
    "1": 36.01095946014511,
    "11": -115.97546346782988,
    "2S": -16.38898500576701,
    "2W": 57.45931167577999,
    "3E": 2.893844112386777,
    "3W": 58.99478022966989,
    "4S": -26.120283306875077,
    "4W": 43.103060587133044,
    "5": 56.69887429643527,
    "6": 159.33976667146766,
    "7": 35.65773106597386,
    "9": 13.209385474860335
  }
}