{
  "computed_at_utc": "2026-04-18T07:35:14.491474+00:00",
  "method": "median of (actual - bt_predicted) per route",
  "min_samples": 30,
  "route_intercepts_seconds": {
    "1": -3.0,
    "11": -64.0,
    "2S": -40.0,
    "2W": 87.0,
    "3E": 58.0,
    "3W": -4.0,
    "4S": -1.0,
    "4W": 52.0,
    "5": -32.0,
    "6": -154.0,
    "7": -15.0,
    "9": -3.0
  },
  "computed_from_samples": {
    "1": 2036,
    "11": 575,
    "2S": 610,
    "2W": 834,
    "3E": 5091,
    "3W": 4716,
    "4S": 2085,
    "4W": 2885,
    "5": 1828,
    "6": 2220,
    "7": 2733,
    "9": 4093
  },
  "raw_medians_seconds": {
    "1": -3.0,
    "11": -64.0,
    "2S": -40.0,
    "2W": 87.0,
    "3E": 58.0,
    "3W": -4.0,
    "4S": -1.0,
    "4W": 52.0,
    "5": -32.0,
    "6": -154.0,
    "7": -15.0,
    "9": -3.0
  },
  "raw_means_seconds": {
    "1": 17.223477406679763,
    "11": -117.83652173913043,
    "2S": -54.731147540983606,
    "2W": 110.12709832134293,
    "3E": 72.50815164014928,
    "3W": -18.525869380831214,
    "4S": -10.259952038369304,
    "4W": 43.28526863084922,
    "5": -26.447483588621445,
    "6": -221.77927927927928,
    "7": -2.463959019392609,
    "9": 11.145614463718545
  }
}