{
  "computed_at_utc": "2026-04-20T02:56:16.245861+00:00",
  "method": "median of (actual - bt_predicted) per route",
  "min_samples": 30,
  "route_intercepts_seconds": {
    "1": 9.0,
    "11": -59.0,
    "2S": -13.0,
    "2W": 7.0,
    "3E": 9.0,
    "3W": 53.0,
    "4S": -3.0,
    "4W": 47.0,
    "5": 30.0,
    "6": 198.0,
    "7": 23.0,
    "9": 47.0
  },
  "computed_from_samples": {
    "1": 40477,
    "11": 8231,
    "2S": 13387,
    "2W": 21556,
    "3E": 104775,
    "3W": 108920,
    "4S": 34372,
    "4W": 50200,
    "5": 49137,
    "6": 82852,
    "7": 91211,
    "9": 88530
  },
  "raw_medians_seconds": {
    "1": 9.0,
    "11": -59.0,
    "2S": -13.0,
    "2W": 7.0,
    "3E": 9.0,
    "3W": 53.0,
    "4S": -3.0,
    "4W": 47.0,
    "5": 30.0,
    "6": 198.0,
    "7": 23.0,
    "9": 47.0
  },
  "raw_means_seconds": {
    "1": 36.80040516836722,
    "11": -85.65192564694448,
    "2S": 6.773436916411444,
    "2W": 26.586843570235665,
    "3E": 18.30325936530661,
    "3W": 95.54965112008814,
    "4S": -24.967939020132665,
    "4W": 46.46470119521912,
    "5": 46.625292549402694,
    "6": 270.70732148892,
    "7": 40.32435780772056,
    "9": 67.1904890997402
  }
}